OBJECTID,subcatchments_recon_aa_20211027_Id,subcatchments_recon_aa_20211027_Shape_Area,gridcode_float,AREA,PERCENTAGE
1,1,0.000007968829914,11,0.000000008883700,0.111480609482792
2,1,0.000007968829914,13,0.000000017767400,0.222961219007605
3,1,0.000007968829914,15,0.000000008883700,0.111480609726512
4,1,0.000007968829914,16,0.000000008883700,0.111480609726512
5,1,0.000007968829914,17,0.000000008883700,0.111480609625663
6,1,0.000007968829914,18,0.000000044418501,0.557403047901401
7,1,0.000007968829914,19,0.000000031791387,0.398946735767627
8,1,0.000007968829914,20,0.000000031940292,0.400815328844034
9,1,0.000007968829914,21,0.000000035534801,0.445922438242122
10,1,0.000007968829914,22,0.000000062092702,0.779194722785664
11,1,0.000007968829914,23,0.000000073964982,0.928178700544868
12,1,0.000007968829914,24,0.000000070680848,0.886966450135905
13,1,0.000007968829914,25,0.000000062508911,0.784417683109766
14,1,0.000007968829914,26,0.000000143400110,1.799512748285431
15,1,0.000007968829914,27,0.000000118566330,1.487876285138085
16,1,0.000007968829914,28,0.000000099701852,1.251147951779608
17,1,0.000007968829914,29,0.000000098278201,1.233282706513268
18,1,0.000007968829914,30,0.000000195085357,2.448105413845014
19,1,0.000007968829914,31,0.000000153096742,1.921194754136062
20,1,0.000007968829914,32,0.000000186401090,2.339127470000955
21,1,0.000007968829914,33,0.000000247748817,3.108973580067506
22,1,0.000007968829914,34,0.000000177512960,2.227591281965556
23,1,0.000007968829914,35,0.000000384049744,4.819399442695159
24,1,0.000007968829914,36,0.000000133255502,1.672209143124319
25,1,0.000007968829914,37,0.000000358678945,4.501023979186923
26,1,0.000007968829914,38,0.000000333634385,4.186742453619201
27,1,0.000007968829914,39,0.000000462876440,5.808587271742790
28,1,0.000007968829914,40,0.000000417533908,5.239588649994153
29,1,0.000007968829914,41,0.000000262766600,3.297430150397609
30,1,0.000007968829914,42,0.000000426591540,5.353251916567519
31,1,0.000007968829914,43,0.000000488603509,6.131433524932037
32,1,0.000007968829914,44,0.000000468099225,5.874127447671095
33,1,0.000007968829914,45,0.000000328696906,4.124782554266988
34,1,0.000007968829914,46,0.000000305004112,3.827464200625811
35,1,0.000007968829914,47,0.000000239859904,3.009976459136517
36,1,0.000007968829914,48,0.000000164901216,2.069327837170683
37,1,0.000007968829914,49,0.000000252285366,3.165902256841508
38,1,0.000007968829914,50,0.000000133255503,1.672209144477384
39,1,0.000007968829914,51,0.000000088837002,1.114806095248130
40,1,0.000007968829914,52,0.000000079731894,1.000547068754935
41,1,0.000007968829914,53,0.000000112708929,1.414372371838594
42,1,0.000007968829914,54,0.000000097720702,1.226286705319211
43,1,0.000007968829914,55,0.000000015767246,0.197861492014110
44,1,0.000007968829914,56,0.000000026651100,0.334441828759330
45,1,0.000007968829914,57,0.000000019767529,0.248060621181883
46,1,0.000007968829914,59,0.000000017767400,0.222961219032818
47,2,0.000009229868198,8,0.000000008883700,0.096249480070153
48,2,0.000009229868198,9,0.000000008883700,0.096249480338621
49,2,0.000009229868198,10,0.000000008883700,0.096249480041129
50,2,0.000009229868198,11,0.000000026651100,0.288748440653068
51,2,0.000009229868198,12,0.000000008883700,0.096249480338621
52,2,0.000009229868198,14,0.000000026651100,0.288748440442647
53,2,0.000009229868198,16,0.000000042733426,0.462990643595868
54,2,0.000009229868198,17,0.000000022762098,0.246613469861607
55,2,0.000009229868198,18,0.000000008883700,0.096249480309598
56,2,0.000009229868198,19,0.000000036500356,0.395459125270843
57,2,0.000009229868198,20,0.000000039129309,0.423942234416504
58,2,0.000009229868198,21,0.000000039838871,0.431629896983244
59,2,0.000009229868198,22,0.000000044511700,0.482257154871951
60,2,0.000009229868198,23,0.000000077057921,0.834875636311527
61,2,0.000009229868198,24,0.000000079010784,0.856033721702523
62,2,0.000009229868198,25,0.000000079298011,0.859145646517382
63,2,0.000009229868198,26,0.000000053590057,0.580615620804833
64,2,0.000009229868198,27,0.000000087127930,0.943978056137611
65,2,0.000009229868198,28,0.000000128207176,1.389046661702760
66,2,0.000009229868198,29,0.000000125343191,1.358017125689601
67,2,0.000009229868198,30,0.000000161364014,1.748280802628382
68,2,0.000009229868198,31,0.000000159906603,1.732490644542416
69,2,0.000009229868198,32,0.000000297837826,3.226891434850556
70,2,0.000009229868198,33,0.000000178943185,1.938740418161014
71,2,0.000009229868198,34,0.000000275030127,2.979783903542075
72,2,0.000009229868198,35,0.000000301981229,3.271782675093217
73,2,0.000009229868198,36,0.000000304173769,3.295537518418217
74,2,0.000009229868198,37,0.000000269630670,2.921284078331317
75,2,0.000009229868198,38,0.000000408434972,4.425144139983455
76,2,0.000009229868198,39,0.000000481974119,5.221896011199406
77,2,0.000009229868198,40,0.000000472867266,5.123228807004746
78,2,0.000009229868198,41,0.000000545651205,5.911798450843745
79,2,0.000009229868198,42,0.000000487542407,5.282225015576041
80,2,0.000009229868198,43,0.000000317815437,3.443336681860077
81,2,0.000009229868198,44,0.000000393621429,4.264648426400538
82,2,0.000009229868198,45,0.000000525027662,5.688354923915202
83,2,0.000009229868198,46,0.000000408428805,4.425077331957402
84,2,0.000009229868198,47,0.000000345209093,3.740130256058761
85,2,0.000009229868198,48,0.000000334796004,3.627310773359600
86,2,0.000009229868198,49,0.000000274704375,2.976254579603865
87,2,0.000009229868198,50,0.000000226056045,2.449179560837739
88,2,0.000009229868198,51,0.000000159906603,1.732490643758779
89,2,0.000009229868198,52,0.000000151244310,1.638639976740530
90,2,0.000009229868198,53,0.000000091616175,0.992605453874611
91,2,0.000009229868198,54,0.000000035534801,0.384997920512799
92,2,0.000009229868198,55,0.000000099720856,1.080414738486646
93,2,0.000009229868198,56,0.000000062185901,0.673746360933678
94,2,0.000009229868198,57,0.000000060185772,0.652076185712660
95,2,0.000009229868198,58,0.000000026651101,0.288748440805442
96,2,0.000009229868198,59,0.000000026651100,0.288748440653068
97,2,0.000009229868198,60,0.000000036002726,0.390067609463021
98,4,0.000020206970474,1,0.000000007651907,0.037867660338651
99,4,0.000020206970474,3,0.000000008883700,0.043963543017378
100,4,0.000020206970474,5,0.000000005025251,0.024868900854500
101,4,0.000020206970474,6,0.000000008087899,0.040025293057681
102,4,0.000020206970474,7,0.000000001475216,0.007300530790477
103,4,0.000020206970474,8,0.000000015815990,0.078269968902253
104,4,0.000020206970474,9,0.000000002950483,0.014601315058428
105,4,0.000020206970474,10,0.000000003577797,0.017705755661920
106,4,0.000020206970474,11,0.000000013166801,0.065159698317002
107,4,0.000020206970474,12,0.000000023449520,0.116046689634605
108,4,0.000020206970474,13,0.000000008883700,0.043963543030635
109,4,0.000020206970474,14,0.000000036082466,0.178564453881947
110,4,0.000020206970474,15,0.000000017767400,0.087927086021499
111,4,0.000020206970474,16,0.000000028372156,0.140407766873799
112,4,0.000020206970474,17,0.000000048670900,0.240861936644849
113,4,0.000020206970474,18,0.000000042267815,0.209174426426225
114,4,0.000020206970474,19,0.000000029428959,0.145637660233685
115,4,0.000020206970474,20,0.000000115666830,0.572410544436854
116,4,0.000020206970474,21,0.000000102300332,0.506262589495274
117,4,0.000020206970474,22,0.000000069969809,0.346265706069856
118,4,0.000020206970474,23,0.000000121436948,0.600965634171316
119,4,0.000020206970474,24,0.000000082217815,0.406878484700788
120,4,0.000020206970474,25,0.000000262351875,1.298323640906105
121,4,0.000020206970474,26,0.000000215738407,1.067643499072005
122,4,0.000020206970474,27,0.000000262058252,1.296870566364084
123,4,0.000020206970474,28,0.000000224750791,1.112243873893255
124,4,0.000020206970474,29,0.000000266907154,1.320866750803304
125,4,0.000020206970474,30,0.000000289003352,1.430216132784776
126,4,0.000020206970474,31,0.000000335506767,1.660351644595089
127,4,0.000020206970474,32,0.000000341945199,1.692214078889583
128,4,0.000020206970474,33,0.000000504614321,2.497228969882761
129,4,0.000020206970474,34,0.000000466917799,2.310676899604857
130,4,0.000020206970474,35,0.000000625151373,3.093741208877558
131,4,0.000020206970474,36,0.000000522010346,2.583318199913031
132,4,0.000020206970474,37,0.000000638669843,3.160641242269393
133,4,0.000020206970474,38,0.000000767421420,3.797805419631593
134,4,0.000020206970474,39,0.000000744254100,3.683155279650951
135,4,0.000020206970474,40,0.000000872306717,4.316860452022419
136,4,0.000020206970474,41,0.000000804329858,3.980457430848740
137,4,0.000020206970474,42,0.000000821596299,4.065905375819584
138,4,0.000020206970474,43,0.000000838723003,4.150661791899105
139,4,0.000020206970474,44,0.000000808256232,3.999888220749419
140,4,0.000020206970474,45,0.000000782828533,3.874051948848905
141,4,0.000020206970474,46,0.000000794077958,3.929722956576334
142,4,0.000020206970474,47,0.000000745565365,3.689644450568953
143,4,0.000020206970474,48,0.000000732955137,3.627239112644551
144,4,0.000020206970474,49,0.000000715491331,3.540814451505390
145,4,0.000020206970474,50,0.000000688077756,3.405150497985030
146,4,0.000020206970474,51,0.000000659267256,3.262573461114946
147,4,0.000020206970474,52,0.000000522595333,2.586213175046169
148,4,0.000020206970474,53,0.000000449722394,2.225580496142796
149,4,0.000020206970474,54,0.000000408650203,2.022322958611429
150,4,0.000020206970474,55,0.000000319813206,1.582687549255315
151,4,0.000020206970474,56,0.000000250793074,1.241121593966216
152,4,0.000020206970474,57,0.000000257823867,1.275915491574988
153,4,0.000020206970474,58,0.000000213208804,1.055125033318549
154,4,0.000020206970474,59,0.000000115488102,0.571526059325342
155,4,0.000020206970474,60,0.000000159438677,0.789028110947097
156,4,0.000020206970474,61,0.000000097720702,0.483598973443041
157,4,0.000020206970474,62,0.000000071069601,0.351708344414107
158,4,0.000020206970474,63,0.000000042369059,0.209675462857732
159,4,0.000020206970474,64,0.000000115488102,0.571526059666710
160,4,0.000020206970474,65,0.000000062185901,0.307744801231016
161,4,0.000020206970474,66,0.000000034655959,0.171504973950740
162,4,0.000020206970474,67,0.000000063064760,0.312094089095711
163,4,0.000020206970474,68,0.000000035534801,0.175854172056255
164,4,0.000020206970474,69,0.000000017767400,0.087927086091098
165,5,0.000060063800476,3,0.000000031482808,0.052415610565667
166,5,0.000060063800476,4,0.000000010310719,0.017166278750516
167,5,0.000060063800476,5,0.000000012573357,0.020933334895431
168,5,0.000060063800476,6,0.000000041386917,0.068904925022481
169,5,0.000060063800476,7,0.000000035534801,0.059161758614613
170,5,0.000060063800476,8,0.000000148943789,0.247975965656841
171,5,0.000060063800476,9,0.000000256725278,0.427420968197404
172,5,0.000060063800476,10,0.000000301053400,0.501222696293223
173,5,0.000060063800476,11,0.000000337989874,0.562718094839206
174,5,0.000060063800476,12,0.000000490782843,0.817102546161223
175,5,0.000060063800476,13,0.000000367422996,0.611721191769108
176,5,0.000060063800476,14,0.000000586778908,0.976926040524478
177,5,0.000060063800476,15,0.000000457909397,0.762371666649929
178,5,0.000060063800476,16,0.000000624415567,1.039587176523940
179,5,0.000060063800476,17,0.000000512873051,0.853880452519383
180,5,0.000060063800476,18,0.000000699856241,1.165188075198768
181,5,0.000060063800476,19,0.000000860953300,1.433397975266525
182,5,0.000060063800476,20,0.000000941789004,1.567981041029924
183,5,0.000060063800476,21,0.000000822636543,1.369604547335369
184,5,0.000060063800476,22,0.000001062683605,1.769258016065510
185,5,0.000060063800476,23,0.000001111175991,1.849992810895305
186,5,0.000060063800476,24,0.000001301509064,2.166877643553443
187,5,0.000060063800476,25,0.000001233352550,2.053404114723157
188,5,0.000060063800476,26,0.000001331559342,2.216908239205067
189,5,0.000060063800476,27,0.000001538880469,2.562076420122276
190,5,0.000060063800476,28,0.000001620677619,2.698260193374421
191,5,0.000060063800476,29,0.000001623099180,2.702291842342130
192,5,0.000060063800476,30,0.000001672787504,2.785017748702723
193,5,0.000060063800476,31,0.000002175828064,3.622528122267680
194,5,0.000060063800476,32,0.000001812207241,3.017137154587421
195,5,0.000060063800476,33,0.000001647563325,2.743022105593899
196,5,0.000060063800476,34,0.000001743343922,2.902486868693962
197,5,0.000060063800476,35,0.000002159584423,3.595484144957737
198,5,0.000060063800476,36,0.000001678243372,2.794101204291958
199,5,0.000060063800476,37,0.000001819255168,3.028871222479050
200,5,0.000060063800476,38,0.000002070640390,3.447401551538252
201,5,0.000060063800476,39,0.000002058354720,3.426947184905504
202,5,0.000060063800476,40,0.000002011957246,3.349700201418942
203,5,0.000060063800476,41,0.000002011802003,3.349441739000461
204,5,0.000060063800476,42,0.000001844400920,3.070736293193925
205,5,0.000060063800476,43,0.000001996522362,3.324002721357827
206,5,0.000060063800476,44,0.000001563689983,2.603381688339928
207,5,0.000060063800476,45,0.000001583007988,2.635544164310212
208,5,0.000060063800476,46,0.000001646202679,2.740756771227810
209,5,0.000060063800476,47,0.000001307824586,2.177392332886981
210,5,0.000060063800476,48,0.000001316969591,2.192617817766672
211,5,0.000060063800476,49,0.000001067280971,1.776912153762505
212,5,0.000060063800476,50,0.000000871489932,1.450940374658099
213,5,0.000060063800476,51,0.000000877612872,1.461134435788643
214,5,0.000060063800476,52,0.000000561216087,0.934366594658301
215,5,0.000060063800476,53,0.000000563019425,0.937368964982339
216,5,0.000060063800476,54,0.000000577440511,0.961378577613184
217,5,0.000060063800476,55,0.000000319813206,0.532455827508106
218,5,0.000060063800476,56,0.000000486554040,0.810062026967214
219,5,0.000060063800476,57,0.000000310725521,0.517325773961483
220,5,0.000060063800476,58,0.000000222092504,0.369760991279731
221,5,0.000060063800476,59,0.000000168790303,0.281018353373978
222,5,0.000060063800476,60,0.000000159906603,0.266227913780813
223,5,0.000060063800476,61,0.000000106604402,0.177485275863910
224,5,0.000060063800476,62,0.000000151022903,0.251437474041584
225,5,0.000060063800476,63,0.000000153072345,0.254849582400772
226,5,0.000060063800476,64,0.000000071069601,0.118323517258217
227,5,0.000060063800476,65,0.000000062185901,0.103533077605957
228,5,0.000060063800476,66,0.000000027529942,0.045834498560025
229,5,0.000060063800476,67,0.000000052423342,0.087279428356140
230,5,0.000060063800476,68,0.000000017767400,0.029580879319014
231,5,0.000060063800476,69,0.000000008883700,0.014790439675675
232,5,0.000060063800476,72,0.000000008883700,0.014790439647800
233,5,0.000060063800476,73,0.000000008883700,0.014790439647800
234,5,0.000060063800476,75,0.000000017767400,0.029580879323474
235,6,0.000027176994628,2,0.000000035534801,0.130753238734058
236,6,0.000027176994628,3,0.000000194050495,0.714024850402037
237,6,0.000027176994628,4,0.000000078526282,0.288943951783555
238,6,0.000027176994628,5,0.000000245890655,0.904775006970683
239,6,0.000027176994628,6,0.000000273968062,1.008088150485037
240,6,0.000027176994628,7,0.000000098999300,0.364276113655141
241,6,0.000027176994628,8,0.000000242405038,0.891949389402990
242,6,0.000027176994628,9,0.000000252072864,0.927522956603526
243,6,0.000027176994628,10,0.000000248206038,0.913294650861220
244,6,0.000027176994628,11,0.000000348583775,1.282642836996991
245,6,0.000027176994628,12,0.000000411439629,1.513926151461024
246,6,0.000027176994628,13,0.000000352672113,1.297686216965087
247,6,0.000027176994628,14,0.000000617795195,2.273228529027031
248,6,0.000027176994628,15,0.000000454699671,1.673105055883707
249,6,0.000027176994628,16,0.000000751452210,2.765030571453845
250,6,0.000027176994628,17,0.000000887045337,3.263956698350929
251,6,0.000027176994628,18,0.000000772273183,2.841643063841088
252,6,0.000027176994628,19,0.000000969362904,3.566850996531027
253,6,0.000027176994628,20,0.000001020292852,3.754251954724662
254,6,0.000027176994628,21,0.000000773416959,2.845851682890658
255,6,0.000027176994628,22,0.000000934931566,3.440158039837856
256,6,0.000027176994628,23,0.000000839202260,3.087914141214476
257,6,0.000027176994628,24,0.000000845219478,3.110054991177771
258,6,0.000027176994628,25,0.000000920781403,3.388091346225631
259,6,0.000027176994628,26,0.000000986867012,3.631258810375359
260,6,0.000027176994628,27,0.000000965664096,3.553240926997898
261,6,0.000027176994628,28,0.000001092160358,4.018694389144922
262,6,0.000027176994628,29,0.000000924866681,3.403123462894156
263,6,0.000027176994628,30,0.000000893663638,3.288309286249803
264,6,0.000027176994628,31,0.000001098215323,4.040974132229739
265,6,0.000027176994628,32,0.000000907958360,3.340907898833750
266,6,0.000027176994628,33,0.000000697736150,2.567377886371015
267,6,0.000027176994628,34,0.000000715618364,2.633176972241671
268,6,0.000027176994628,35,0.000000606173242,2.230464590267664
269,6,0.000027176994628,36,0.000000566998438,2.086317658935756
270,6,0.000027176994628,37,0.000000684044913,2.516999845212920
271,6,0.000027176994628,38,0.000000517413785,1.903866827281955
272,6,0.000027176994628,39,0.000000552251500,2.032055081551125
273,6,0.000027176994628,40,0.000000571202350,2.101786302063572
274,6,0.000027176994628,41,0.000000364231707,1.340220696574366
275,6,0.000027176994628,42,0.000000302045806,1.111402529049744
276,6,0.000027176994628,43,0.000000347117062,1.277245946318760
277,6,0.000027176994628,44,0.000000310929506,1.144090838465886
278,6,0.000027176994628,45,0.000000280616774,1.032552636094975
279,6,0.000027176994628,46,0.000000222092504,0.817207741734240
280,6,0.000027176994628,47,0.000000230976204,0.849896051490451
281,6,0.000027176994628,48,0.000000195441404,0.719142812914105
282,6,0.000027176994628,49,0.000000115488102,0.424948025576424
283,6,0.000027176994628,50,0.000000159906603,0.588389574310653
284,6,0.000027176994628,51,0.000000079953302,0.294194787160255
285,6,0.000027176994628,52,0.000000142139203,0.523012954734162
286,6,0.000027176994628,53,0.000000017767400,0.065376619376886
287,6,0.000027176994628,54,0.000000026651100,0.098064928963062
288,7,0.000021267283165,1,0.000000008883700,0.041771673924145
289,7,0.000021267283165,2,0.000000008883700,0.041771673845420
290,7,0.000021267283165,3,0.000000088837002,0.417716738655734
291,7,0.000021267283165,4,0.000000044418501,0.208858369164118
292,7,0.000021267283165,5,0.000000152565411,0.717371421053279
293,7,0.000021267283165,6,0.000000154730746,0.727552952028105
294,7,0.000021267283165,7,0.000000102895605,0.483821107281746
295,7,0.000021267283165,8,0.000000144947250,0.681550382892979
296,7,0.000021267283165,9,0.000000124158001,0.583798127322990
297,7,0.000021267283165,10,0.000000201928881,0.949481319365583
298,7,0.000021267283165,11,0.000000223715470,1.051923127436080
299,7,0.000021267283165,12,0.000000428704740,2.015794574007983
300,7,0.000021267283165,13,0.000000375089374,1.763692008987755
301,7,0.000021267283165,14,0.000000416876429,1.960177166831143
302,7,0.000021267283165,15,0.000000476502131,2.240540679811146
303,7,0.000021267283165,16,0.000000505698799,2.377825109461262
304,7,0.000021267283165,17,0.000000516641407,2.429277884468358
305,7,0.000021267283165,18,0.000000654674560,3.078317782644550
306,7,0.000021267283165,19,0.000000615731164,2.895203675634868
307,7,0.000021267283165,20,0.000000923221621,4.341041653222891
308,7,0.000021267283165,21,0.000000775383869,3.645899960740877
309,7,0.000021267283165,22,0.000000765994768,3.601751866311226
310,7,0.000021267283165,23,0.000000908350760,4.271118005112499
311,7,0.000021267283165,24,0.000000898233622,4.223546633257357
312,7,0.000021267283165,25,0.000000784618511,3.689321785615484
313,7,0.000021267283165,26,0.000000782420813,3.678988081034450
314,7,0.000021267283165,27,0.000000621854795,2.923997343515934
315,7,0.000021267283165,28,0.000000724492561,3.406606078753166
316,7,0.000021267283165,29,0.000000641115947,3.014564397556029
317,7,0.000021267283165,30,0.000000535506886,2.517984466193696
318,7,0.000021267283165,31,0.000000569394057,2.677323907829693
319,7,0.000021267283165,32,0.000000593315128,2.789802172446470
320,7,0.000021267283165,33,0.000000639407902,3.006533071382634
321,7,0.000021267283165,34,0.000000569969825,2.680031204194798
322,7,0.000021267283165,35,0.000000550856507,2.590159274039685
323,7,0.000021267283165,36,0.000000388044798,1.824609166416497
324,7,0.000021267283165,37,0.000000476632936,2.241155732787533
325,7,0.000021267283165,38,0.000000451512952,2.123040112335851
326,7,0.000021267283165,39,0.000000404661119,1.902740072321685
327,7,0.000021267283165,40,0.000000424958903,1.998181428944801
328,7,0.000021267283165,41,0.000000269982101,1.269471510417504
329,7,0.000021267283165,42,0.000000318104513,1.495745884243996
330,7,0.000021267283165,43,0.000000252799789,1.188679282554249
331,7,0.000021267283165,44,0.000000248743605,1.169606867933118
332,7,0.000021267283165,45,0.000000166587212,0.783302741266962
333,7,0.000021267283165,46,0.000000167517734,0.787678109932667
334,7,0.000021267283165,47,0.000000115484056,0.543012736293070
335,7,0.000021267283165,48,0.000000124371802,0.584803433807534
336,7,0.000021267283165,49,0.000000097720702,0.459488412598773
337,7,0.000021267283165,50,0.000000079953301,0.375945064822910
338,7,0.000021267283165,51,0.000000044418501,0.208858369321569
339,7,0.000021267283165,52,0.000000035534801,0.167086695476149
340,7,0.000021267283165,53,0.000000026651101,0.125315021759839
341,7,0.000021267283165,54,0.000000017767400,0.083543347728627
342,7,0.000021267283165,55,0.000000008883700,0.041771673845420
343,7,0.000021267283165,56,0.000000008883700,0.041771673832824
344,7,0.000021267283165,57,0.000000008883700,0.041771673845420
345,9,0.000000495124263,5,0.000000033889788,6.844703528433335
346,9,0.000000495124263,6,0.000000035534801,7.176945942483077
347,9,0.000000495124263,7,0.000000023666732,4.779958135795998
348,9,0.000000495124263,8,0.000000014307885,2.889756449577197
349,9,0.000000495124263,9,0.000000017767400,3.588472968130533
350,9,0.000000495124263,10,0.000000079616143,16.080032559473580
351,9,0.000000495124263,11,0.000000062404248,12.603754824716631
352,9,0.000000495124263,12,0.000000043716408,8.829380995935603
353,9,0.000000495124263,13,0.000000092850837,18.753037095171376
354,9,0.000000495124263,14,0.000000023367186,4.719458797399985
355,9,0.000000495124263,15,0.000000017767400,3.588472973811500
356,9,0.000000495124263,16,0.000000023584319,4.763313065212486
357,9,0.000000495124263,18,0.000000026651100,5.382709453991192
358,10,0.000006401615353,7,0.000000002984368,0.046618983931093
359,10,0.000006401615353,10,0.000000017600441,0.274937501972983
360,10,0.000006401615353,11,0.000000213235396,3.330962333518581
361,10,0.000006401615353,12,0.000000231866279,3.621996424955628
362,10,0.000006401615353,13,0.000000138455890,2.162827378874216
363,10,0.000006401615353,14,0.000000237917934,3.716529668855094
364,10,0.000006401615353,15,0.000000266982275,4.170545404595172
365,10,0.000006401615353,16,0.000000237619018,3.711860284643537
366,10,0.000006401615353,17,0.000000259391631,4.051971527445146
367,10,0.000006401615353,18,0.000000258171114,4.032905753205819
368,10,0.000006401615353,19,0.000000310950956,4.857382696525997
369,10,0.000006401615353,20,0.000000330665449,5.165343914782142
370,10,0.000006401615353,21,0.000000288266434,4.503026469955559
371,10,0.000006401615353,22,0.000000195255694,3.050100375769390
372,10,0.000006401615353,23,0.000000230976204,3.608092512343559
373,10,0.000006401615353,24,0.000000202635432,3.165379693065358
374,10,0.000006401615353,25,0.000000186494883,2.913247249171651
375,10,0.000006401615353,26,0.000000171619330,2.680875382802868
376,10,0.000006401615353,27,0.000000131426685,2.053023775530709
377,10,0.000006401615353,28,0.000000161588260,2.524179467286076
378,10,0.000006401615353,29,0.000000214947943,3.357714132964213
379,10,0.000006401615353,30,0.000000116390184,1.818137727456375
380,10,0.000006401615353,31,0.000000148066221,2.312950921602904
381,10,0.000006401615353,32,0.000000081401252,1.271573622135951
382,10,0.000006401615353,33,0.000000142864980,2.231702026457905
383,10,0.000006401615353,34,0.000000186557703,2.914228567561916
384,10,0.000006401615353,35,0.000000158095558,2.469619762622981
385,10,0.000006401615353,36,0.000000184346119,2.879681273277478
386,10,0.000006401615353,37,0.000000186404366,2.911833271429579
387,10,0.000006401615353,38,0.000000225890008,3.528640750319199
388,10,0.000006401615353,39,0.000000163895691,2.560223979770211
389,10,0.000006401615353,40,0.000000159906603,2.497910201282964
390,10,0.000006401615353,41,0.000000065420388,1.021935626165599
391,10,0.000006401615353,42,0.000000054407443,0.849901784197542
392,10,0.000006401615353,43,0.000000044418501,0.693863944310872
393,10,0.000006401615353,44,0.000000026651100,0.416318366707878
394,10,0.000006401615353,45,0.000000011086791,0.173187401128811
395,10,0.000006401615353,46,0.000000019039969,0.297424451395373
396,10,0.000006401615353,47,0.000000000004046,0.000063201119535
397,11,0.000005202666787,4,0.000000007900612,0.151856975172038
398,11,0.000005202666787,5,0.000000017767400,0.341505636505861
399,11,0.000005202666787,6,0.000000033096101,0.636137240026434
400,11,0.000005202666787,7,0.000000018437233,0.354380433213806
401,11,0.000005202666787,8,0.000000084762627,1.629214993718227
402,11,0.000005202666787,9,0.000000096082222,1.846787929115467
403,11,0.000005202666787,10,0.000000084875362,1.631381854378148
404,11,0.000005202666787,11,0.000000133141187,2.559095035680398
405,11,0.000005202666787,12,0.000000147533111,2.835720934880113
406,11,0.000005202666787,13,0.000000075761039,1.456196248334000
407,11,0.000005202666787,14,0.000000203675740,3.914833462672143
408,11,0.000005202666787,15,0.000000142362994,2.736346563905494
409,11,0.000005202666787,16,0.000000194379285,3.736147107176135
410,11,0.000005202666787,17,0.000000151110270,2.904477196898063
411,11,0.000005202666787,18,0.000000101857236,1.957788969868533
412,11,0.000005202666787,19,0.000000215172215,4.135806182370317
413,11,0.000005202666787,20,0.000000100377435,1.929345835941352
414,11,0.000005202666787,21,0.000000112334459,2.159170739250214
415,11,0.000005202666787,22,0.000000206142375,3.962244431087333
416,11,0.000005202666787,23,0.000000142139203,2.732045092536040
417,11,0.000005202666787,24,0.000000175426124,3.371850082575461
418,11,0.000005202666787,25,0.000000223434653,4.294617786465864
419,11,0.000005202666787,26,0.000000175861435,3.380217158517154
420,11,0.000005202666787,27,0.000000132304833,2.543019534005194
421,11,0.000005202666787,28,0.000000184888666,3.553728770680885
422,11,0.000005202666787,29,0.000000246122984,4.730708198433897
423,11,0.000005202666787,30,0.000000173731364,3.339275241466028
424,11,0.000005202666787,31,0.000000229668496,4.414437926212663
425,11,0.000005202666787,32,0.000000187170427,3.597586297032724
426,11,0.000005202666787,33,0.000000148160876,2.847787152875017
427,11,0.000005202666787,34,0.000000071069601,1.366022546177913
428,11,0.000005202666787,35,0.000000132285229,2.542642729468816
429,11,0.000005202666787,36,0.000000130611622,2.510474474268821
430,11,0.000005202666787,37,0.000000201340028,3.869938939697519
431,11,0.000005202666787,38,0.000000129457998,2.488300784376616
432,11,0.000005202666787,39,0.000000147966283,2.844046899250259
433,11,0.000005202666787,40,0.000000097720702,1.878281000518350
434,11,0.000005202666787,41,0.000000019945518,0.383371040981242
435,11,0.000005202666787,42,0.000000011797241,0.226753732329603
436,11,0.000005202666787,43,0.000000008883700,0.170752818195004
437,11,0.000005202666787,44,0.000000008883700,0.170752818195004
438,11,0.000005202666787,45,0.000000008883700,0.170752817989045
439,12,0.000006692986809,0,0.000000008883700,0.132731475527376
440,12,0.000006692986809,1,0.000000008883700,0.132731475527376
441,12,0.000006692986809,3,0.000000008883700,0.132731475687475
442,12,0.000006692986809,4,0.000000001261508,0.018848207273123
443,12,0.000006692986809,5,0.000000035534801,0.530925902920003
444,12,0.000006692986809,6,0.000000069475783,1.038038546086925
445,12,0.000006692986809,7,0.000000053302201,0.796388854925341
446,12,0.000006692986809,8,0.000000124371802,1.858240660435144
447,12,0.000006692986809,9,0.000000066528697,0.994006096711069
448,12,0.000006692986809,10,0.000000048380141,0.722848287482755
449,12,0.000006692986809,11,0.000000124323153,1.857513791669455
450,12,0.000006692986809,12,0.000000231041144,3.451988638605572
451,12,0.000006692986809,13,0.000000126555179,1.890862526111341
452,12,0.000006692986809,14,0.000000238358986,3.561324598775372
453,12,0.000006692986809,15,0.000000240387475,3.591632289529126
454,12,0.000006692986809,16,0.000000251463132,3.757113809616070
455,12,0.000006692986809,17,0.000000219632653,3.281534233427571
456,12,0.000006692986809,18,0.000000209514801,3.130363270159599
457,12,0.000006692986809,19,0.000000176543947,2.637745326494257
458,12,0.000006692986809,20,0.000000184054913,2.749966765990874
459,12,0.000006692986809,21,0.000000204829077,3.060353808091492
460,12,0.000006692986809,22,0.000000166253324,2.483993009798999
461,12,0.000006692986809,23,0.000000191717481,2.864453288221045
462,12,0.000006692986809,24,0.000000231478715,3.458526387112696
463,12,0.000006692986809,25,0.000000154956825,2.315211867759532
464,12,0.000006692986809,26,0.000000263273313,3.933569881812948
465,12,0.000006692986809,27,0.000000313966354,4.690975236367788
466,12,0.000006692986809,28,0.000000181760875,2.715691515339722
467,12,0.000006692986809,29,0.000000279935995,4.182527216096902
468,12,0.000006692986809,30,0.000000274364584,4.099284696685544
469,12,0.000006692986809,31,0.000000248300599,3.709862364924528
470,12,0.000006692986809,32,0.000000201299118,3.007612648202484
471,12,0.000006692986809,33,0.000000166658046,2.490039959635267
472,12,0.000006692986809,34,0.000000257627305,3.849212795617185
473,12,0.000006692986809,35,0.000000159838247,2.388145250892616
474,12,0.000006692986809,36,0.000000181085520,2.705601024220672
475,12,0.000006692986809,37,0.000000136240578,2.035572192721560
476,12,0.000006692986809,38,0.000000079953301,1.194583281737611
477,12,0.000006692986809,39,0.000000074126220,1.107520777574282
478,12,0.000006692986809,40,0.000000097720702,1.460046233192610
479,12,0.000006692986809,41,0.000000088837002,1.327314756944790
480,12,0.000006692986809,42,0.000000041504960,0.620126126303151
481,12,0.000006692986809,43,0.000000035534801,0.530925903240200
482,12,0.000006692986809,44,0.000000017767400,0.265462951995331
483,12,0.000006692986809,45,0.000000017767400,0.265462951304906
484,12,0.000006692986809,46,0.000000008883700,0.132731475527376
485,12,0.000006692986809,47,0.000000017767400,0.265462951745177
486,12,0.000006692986809,49,0.000000017767400,0.265462951495023
487,14,0.000006131842953,3,0.000000008883700,0.144878142571022
488,14,0.000006131842953,4,0.000000026058726,0.424973793043296
489,14,0.000006131842953,5,0.000000002935282,0.047869495195398
490,14,0.000006131842953,6,0.000000044297192,0.722412367446390
491,14,0.000006131842953,7,0.000000026651100,0.434634426675489
492,14,0.000006131842953,8,0.000000045113911,0.735731675975632
493,14,0.000006131842953,9,0.000000077524222,1.264289102477841
494,14,0.000006131842953,10,0.000000048195895,0.785993625836291
495,14,0.000006131842953,11,0.000000035534801,0.579512569115449
496,14,0.000006131842953,12,0.000000111784111,1.823010012857755
497,14,0.000006131842953,13,0.000000089389140,1.457785874454045
498,14,0.000006131842953,14,0.000000179337012,2.924683716323883
499,14,0.000006131842953,15,0.000000192000097,3.131197230036586
500,14,0.000006131842953,16,0.000000229140825,3.736899761104638
501,14,0.000006131842953,17,0.000000173575459,2.830722518680795
502,14,0.000006131842953,18,0.000000125646980,2.049089985618137
503,14,0.000006131842953,19,0.000000167846278,2.737289244343710
504,14,0.000006131842953,20,0.000000128361947,2.093366515061670
505,14,0.000006131842953,21,0.000000088573721,1.444487756836763
506,14,0.000006131842953,22,0.000000097720702,1.593659566260696
507,14,0.000006131842953,23,0.000000133638124,2.179412039797424
508,14,0.000006131842953,24,0.000000207806361,3.388970701717530
509,14,0.000006131842953,25,0.000000196513077,3.204796316740006
510,14,0.000006131842953,26,0.000000293205259,4.781682457891320
511,14,0.000006131842953,27,0.000000330176393,5.384619206467583
512,14,0.000006131842953,28,0.000000256139340,4.177199939074055
513,14,0.000006131842953,29,0.000000313622879,5.114659343186159
514,14,0.000006131842953,30,0.000000225630420,3.679650994124683
515,14,0.000006131842953,31,0.000000297869501,4.857748370480234
516,14,0.000006131842953,32,0.000000355199594,5.792705342690607
517,14,0.000006131842953,33,0.000000288542857,4.705646563419092
518,14,0.000006131842953,34,0.000000286974172,4.680063951464653
519,14,0.000006131842953,35,0.000000184515488,3.009135899996155
520,14,0.000006131842953,36,0.000000142139203,2.318050277477527
521,14,0.000006131842953,37,0.000000209154804,3.410961527446113
522,14,0.000006131842953,38,0.000000137331059,2.239637584154195
523,14,0.000006131842953,39,0.000000053302201,0.869268854060899
524,14,0.000006131842953,40,0.000000035534801,0.579512569246511
525,14,0.000006131842953,41,0.000000062185901,1.014146995965688
526,14,0.000006131842953,42,0.000000028185841,0.459663454070220
527,14,0.000006131842953,43,0.000000017767400,0.289756284552263
528,14,0.000006131842953,44,0.000000017767400,0.289756284868997
529,14,0.000006131842953,45,0.000000008883700,0.144878142297975
530,14,0.000006131842953,46,0.000000008883700,0.144878142571022
531,18,0.000000083869132,5,0.000000005948418,7.092499652934429
532,18,0.000000083869132,6,0.000000002981201,3.554586277144997
533,18,0.000000083869132,8,0.000000008188290,9.763174867846590
534,18,0.000000083869132,10,0.000000018465822,22.017423229763143
535,18,0.000000083869132,12,0.000000000415515,0.495432980159684
536,19,0.000001395617659,10,0.000000008883700,0.636542544417406
537,19,0.000001395617659,12,0.000000113940285,8.164147562707774
538,19,0.000001395617659,13,0.000000070197048,5.029819419112225
539,19,0.000001395617659,14,0.000000144064104,10.322605413233589
540,19,0.000001395617659,15,0.000000080150878,5.743039829082504
541,19,0.000001395617659,16,0.000000056793332,4.069404832536905
542,19,0.000001395617659,17,0.000000070216741,5.031230487727135
543,19,0.000001395617659,18,0.000000070453268,5.048178333587688
544,19,0.000001395617659,19,0.000000099812083,7.151821455128624
545,19,0.000001395617659,20,0.000000058237433,4.172878783035461
546,19,0.000001395617659,21,0.000000048470042,3.473017273808839
547,19,0.000001395617659,22,0.000000017767400,1.273085089218705
548,19,0.000001395617659,23,0.000000056643503,4.058669103710435
549,19,0.000001395617659,24,0.000000044418501,3.182712723910522
550,19,0.000001395617659,25,0.000000042983752,3.079908834435053
551,19,0.000001395617659,26,0.000000037033798,2.653577662493577
552,19,0.000001395617659,27,0.000000037467213,2.684633034667966
553,19,0.000001395617659,28,0.000000014565047,1.043627278373936
554,19,0.000001395617659,29,0.000000074864127,5.364228952882788
555,19,0.000001395617659,30,0.000000117997887,8.454886329972725
556,19,0.000001395617659,31,0.000000035534801,2.546170178101503
557,19,0.000001395617659,32,0.000000036390164,2.607459406999422
558,19,0.000001395617659,33,0.000000005307989,0.380332637235731
559,19,0.000001395617659,34,0.000000031431048,2.252124560430004
560,19,0.000001395617659,35,0.000000006194246,0.443835423760676
561,19,0.000001395617659,36,0.000000008883700,0.636542545809019
562,19,0.000001395617659,37,0.000000006816819,0.488444575800902
563,19,0.000001395617659,38,0.000000000098824,0.007081010804186
564,20,0.000000105077516,3,0.000000008868844,8.440287529821608
565,20,0.000000105077516,4,0.000000005889451,5.604862721757262
566,20,0.000000105077516,5,0.000000017722833,16.866437250889202
567,20,0.000000105077516,6,0.000000006675763,6.353179292715619
568,20,0.000000105077516,7,0.000000017767301,16.908755982406415
569,20,0.000000105077516,8,0.000000008883700,8.454425346119022
570,20,0.000000105077516,10,0.000000002838112,2.700969456740985
571,21,0.000005293408054,1,0.000000008883700,0.167825719426313
572,21,0.000005293408054,2,0.000000035770148,0.675748931545103
573,21,0.000005293408054,3,0.000000036689537,0.693117494900103
574,21,0.000005293408054,4,0.000000021075605,0.398148118441182
575,21,0.000005293408054,5,0.000000044463068,0.839970533633867
576,21,0.000005293408054,6,0.000000036476665,0.689096025295341
577,21,0.000005293408054,7,0.000000061746981,1.166488218647515
578,21,0.000005293408054,8,0.000000066164571,1.249942762088932
579,21,0.000005293408054,9,0.000000054955718,1.038191604284513
580,21,0.000005293408054,10,0.000000053534670,1.011345994897930
581,21,0.000005293408054,11,0.000000075833702,1.432606382163700
582,21,0.000005293408054,12,0.000000136196767,2.572950470438463
583,21,0.000005293408054,13,0.000000095566464,1.805386309135879
584,21,0.000005293408054,14,0.000000212475333,4.013960958181483
585,21,0.000005293408054,15,0.000000181870519,3.435792548183059
586,21,0.000005293408054,16,0.000000173775389,3.282864036604970
587,21,0.000005293408054,17,0.000000182217939,3.442355789853063
588,21,0.000005293408054,18,0.000000202919545,3.833438557922919
589,21,0.000005293408054,19,0.000000124646557,2.354750588150656
590,21,0.000005293408054,20,0.000000187135564,3.535256726503054
591,21,0.000005293408054,21,0.000000189802749,3.585643642877753
592,21,0.000005293408054,22,0.000000115505817,2.182069011780741
593,21,0.000005293408054,23,0.000000101805736,1.923255011710347
594,21,0.000005293408054,24,0.000000171332104,3.236706906878053
595,21,0.000005293408054,25,0.000000172823828,3.264887692188605
596,21,0.000005293408054,26,0.000000091938957,1.736857546792269
597,21,0.000005293408054,27,0.000000226639274,4.281537929738334
598,21,0.000005293408054,28,0.000000133858949,2.528785760475822
599,21,0.000005293408054,29,0.000000085668386,1.618397548978098
600,21,0.000005293408054,30,0.000000131554675,2.485254741281772
601,21,0.000005293408054,31,0.000000198812618,3.755852870984317
602,21,0.000005293408054,32,0.000000177932363,3.361395185770904
603,21,0.000005293408054,33,0.000000128251672,2.422856335833749
604,21,0.000005293408054,34,0.000000155761891,2.942563455180037
605,21,0.000005293408054,35,0.000000219458440,4.145881777516049
606,21,0.000005293408054,36,0.000000059132744,1.117101560354989
607,21,0.000005293408054,37,0.000000128365127,2.424999658400671
608,21,0.000005293408054,38,0.000000164615922,3.109828688668084
609,21,0.000005293408054,39,0.000000115488102,2.181734355780927
610,21,0.000005293408054,40,0.000000098340269,1.857787416040211
611,21,0.000005293408054,41,0.000000079953301,1.510431476064041
612,21,0.000005293408054,42,0.000000077798999,1.469733633894549
613,21,0.000005293408054,43,0.000000079953301,1.510431477582255
614,21,0.000005293408054,44,0.000000035534801,0.671302878945127
615,21,0.000005293408054,45,0.000000048345689,0.913318764839504
616,21,0.000005293408054,46,0.000000035534801,0.671302878856565
617,27,0.000045396379281,1,0.000000011015024,0.024264102898553
618,27,0.000045396379281,3,0.000000072544373,0.159802111579603
619,27,0.000045396379281,4,0.000000051565919,0.113590379205605
620,27,0.000045396379281,5,0.000000130867882,0.288278237301727
621,27,0.000045396379281,6,0.000000240531025,0.529846274789195
622,27,0.000045396379281,7,0.000000274583411,0.604857513135485
623,27,0.000045396379281,8,0.000000383516482,0.844817335911244
624,27,0.000045396379281,9,0.000000463640294,1.021315578826757
625,27,0.000045396379281,10,0.000000450416987,0.992187030240977
626,27,0.000045396379281,11,0.000000774189653,1.705399561140857
627,27,0.000045396379281,12,0.000000831944562,1.832623163110448
628,27,0.000045396379281,13,0.000000962120401,2.119376954878699
629,27,0.000045396379281,14,0.000001027273447,2.262897314049997
630,27,0.000045396379281,15,0.000000703954793,1.550684887246695
631,27,0.000045396379281,16,0.000001101998082,2.427502147552455
632,27,0.000045396379281,17,0.000000748666398,1.649176454452086
633,27,0.000045396379281,18,0.000000852837562,1.878646658282709
634,27,0.000045396379281,19,0.000000962541696,2.120304991895259
635,27,0.000045396379281,20,0.000001036376062,2.282948725054462
636,27,0.000045396379281,21,0.000000881835600,1.942524082237980
637,27,0.000045396379281,22,0.000001008278269,2.221054376031085
638,27,0.000045396379281,23,0.000001053031397,2.319637410470563
639,27,0.000045396379281,24,0.000001126944140,2.482453793613801
640,27,0.000045396379281,25,0.000000921180678,2.029194162691659
641,27,0.000045396379281,26,0.000001272251939,2.802540553197506
642,27,0.000045396379281,27,0.000001196646536,2.635995546475355
643,27,0.000045396379281,28,0.000001345177733,2.963182865785484
644,27,0.000045396379281,29,0.000001290480219,2.842694152840898
645,27,0.000045396379281,30,0.000001541779324,3.396260556328275
646,27,0.000045396379281,31,0.000001798520291,3.961814399428012
647,27,0.000045396379281,32,0.000002087497508,4.598378860427479
648,27,0.000045396379281,33,0.000001576503214,3.472750997477827
649,27,0.000045396379281,34,0.000001612752712,3.552602073437816
650,27,0.000045396379281,35,0.000001793397975,3.950530864430835
651,27,0.000045396379281,36,0.000001596798619,3.517458097969794
652,27,0.000045396379281,37,0.000001713902106,3.775415865824623
653,27,0.000045396379281,38,0.000001352179557,2.978606615916928
654,27,0.000045396379281,39,0.000001361433076,2.998990442647448
655,27,0.000045396379281,40,0.000001348473328,2.970442464903530
656,27,0.000045396379281,41,0.000001030509219,2.270025132492827
657,27,0.000045396379281,42,0.000000920576442,2.027863139877348
658,27,0.000045396379281,43,0.000000666884562,1.469025883027679
659,27,0.000045396379281,44,0.000000426417608,0.939320744426885
660,27,0.000045396379281,45,0.000000284278405,0.626213829618907
661,27,0.000045396379281,46,0.000000284278405,0.626213829760531
662,27,0.000045396379281,47,0.000000177674003,0.391383643361710
663,27,0.000045396379281,48,0.000000159906603,0.352245279176310
664,27,0.000045396379281,49,0.000000177674003,0.391383643389740
665,27,0.000045396379281,50,0.000000062185901,0.136984275232363
666,27,0.000045396379281,51,0.000000044418501,0.097845910967299
667,27,0.000045396379281,53,0.000000017767400,0.039138364325549
668,27,0.000045396379281,54,0.000000026651101,0.058707546573888
669,27,0.000045396379281,55,0.000000008883700,0.019569182205557
670,27,0.000045396379281,56,0.000000008883700,0.019569182205557
671,27,0.000045396379281,57,0.000000000007423,0.000016351675783
672,27,0.000045396379281,58,0.000000017767400,0.039138364337351
673,27,0.000045396379281,59,0.000000008883700,0.019569182168676
674,27,0.000045396379281,60,0.000000017767400,0.039138364374232
675,28,0.000000291407759,3,0.000000063969415,21.951857226055775
676,28,0.000000291407759,4,0.000000038521344,13.219052222012687
677,28,0.000000291407759,5,0.000000059203398,20.316342426354105
678,28,0.000000291407759,6,0.000000008883700,3.048546199346054
679,28,0.000000291407759,7,0.000000024442473,8.387722232218882
680,28,0.000000291407759,8,0.000000003248027,1.114598560121259
681,28,0.000000291407759,9,0.000000008883700,3.048546199346054
682,28,0.000000291407759,10,0.000000008883700,3.048546199346054
683,28,0.000000291407759,11,0.000000032095348,11.013896088474686
684,28,0.000000291407759,12,0.000000043276653,14.850892651638798
685,29,0.000000483247878,3,0.000000027380753,5.665985064440755
686,29,0.000000483247878,4,0.000000019956356,4.129631480185219
687,29,0.000000483247878,5,0.000000238501208,49.353803435563350
688,29,0.000000483247878,6,0.000000071076001,14.707980035386923
689,29,0.000000483247878,7,0.000000024835094,5.139203941506075
690,29,0.000000483247878,8,0.000000057621359,11.923768638783407
691,29,0.000000483247878,9,0.000000000132481,0.027414764047680
692,29,0.000000483247878,11,0.000000005579574,1.154598674605705
693,29,0.000000483247878,12,0.000000001049681,0.217213701597861
694,29,0.000000483247878,13,0.000000033456296,6.923216330679328
695,29,0.000000483247878,20,0.000000000391757,0.081067510431348
696,29,0.000000483247878,21,0.000000003267318,0.676116419581613
697,30,0.000000586110082,1,0.000000006177692,1.054015620352756
698,30,0.000000586110082,2,0.000000017767400,3.031410118255907
699,30,0.000000586110082,3,0.000000040924650,6.982417026264448
700,30,0.000000586110082,4,0.000000056465077,9.633868840285805
701,30,0.000000586110082,5,0.000000064500443,11.004834285837910
702,30,0.000000586110082,6,0.000000043289879,7.385963899241350
703,30,0.000000586110082,7,0.000000042081542,7.179801803033089
704,30,0.000000586110082,8,0.000000042023322,7.169868521425133
705,30,0.000000586110082,9,0.000000109961130,18.761173632009822
706,30,0.000000586110082,10,0.000000094325219,16.093430485291034
707,30,0.000000586110082,11,0.000000057772626,9.856958174248076
708,30,0.000000586110082,12,0.000000008467311,1.444662234656337
709,30,0.000000586110082,13,0.000000002353851,0.401605610638115
710,31,0.000000867589659,3,0.000000015526936,1.789663603743410
711,31,0.000000867589659,4,0.000000014780857,1.703669123259164
712,31,0.000000867589659,5,0.000000014783031,1.703919676177208
713,31,0.000000867589659,6,0.000000017761000,2.047165972501510
714,31,0.000000867589659,7,0.000000079462506,9.158996473393985
715,31,0.000000867589659,8,0.000000166663353,19.209928419985467
716,31,0.000000867589659,9,0.000000127827955,14.733688213106099
717,31,0.000000867589659,10,0.000000095648889,11.024669106275050
718,31,0.000000867589659,11,0.000000086505384,9.970771618962152
719,31,0.000000867589659,12,0.000000052539038,6.055747319140912
720,31,0.000000867589659,13,0.000000055570095,6.405112600213831
721,31,0.000000867589659,14,0.000000051919714,5.984362882368940
722,31,0.000000867589659,15,0.000000018132625,2.090000162780818
723,31,0.000000867589659,16,0.000000026651101,3.071855483383884
724,31,0.000000867589659,17,0.000000008518450,0.981852418605107
725,31,0.000000867589659,18,0.000000008457067,0.974777250619518
726,31,0.000000867589659,20,0.000000020997884,2.420255252697227
727,31,0.000000867589659,22,0.000000005843775,0.673564425626690
728,32,0.000060827432944,0,0.000002533300252,4.164733130750495
729,32,0.000060827432944,1,0.000000751469087,1.235411475923947
730,32,0.000060827432944,2,0.000000637983922,1.048842423035715
731,32,0.000060827432944,3,0.000002841621414,4.671611600506361
732,32,0.000060827432944,4,0.000001280249480,2.104723835321530
733,32,0.000060827432944,5,0.000002049222599,3.368911854484459
734,32,0.000060827432944,6,0.000001513587095,2.488329725009157
735,32,0.000060827432944,7,0.000000770014371,1.265899831542939
736,32,0.000060827432944,8,0.000001658768458,2.727007170645553
737,32,0.000060827432944,9,0.000001421676828,2.337229698563616
738,32,0.000060827432944,10,0.000001644057266,2.702822043207452
739,32,0.000060827432944,11,0.000002126526458,3.495999017113199
740,32,0.000060827432944,12,0.000002314672073,3.805309480521435
741,32,0.000060827432944,13,0.000001668972885,2.743783198799522
742,32,0.000060827432944,14,0.000002070369012,3.403676452868264
743,32,0.000060827432944,15,0.000001310849653,2.155030369183890
744,32,0.000060827432944,16,0.000001466041791,2.410165479957105
745,32,0.000060827432944,17,0.000001248053248,2.051793389900901
746,32,0.000060827432944,18,0.000001221385532,2.007951795865845
747,32,0.000060827432944,19,0.000001131174089,1.859644628195390
748,32,0.000060827432944,20,0.000001321648953,2.172784364768080
749,32,0.000060827432944,21,0.000000882949768,1.451565066632396
750,32,0.000060827432944,22,0.000001004212246,1.650919983650121
751,32,0.000060827432944,23,0.000001205526535,1.981879682648616
752,32,0.000060827432944,24,0.000000824071411,1.354769339412809
753,32,0.000060827432944,25,0.000000932872674,1.533638079392442
754,32,0.000060827432944,26,0.000001087194200,1.787341906714384
755,32,0.000060827432944,27,0.000001284262470,2.111321172558734
756,32,0.000060827432944,28,0.000001209350071,1.988165557700805
757,32,0.000060827432944,29,0.000001328562619,2.184150398266768
758,32,0.000060827432944,30,0.000001796480391,2.953404909815529
759,32,0.000060827432944,31,0.000001688874484,2.776501329169651
760,32,0.000060827432944,32,0.000001491786610,2.452489834446802
761,32,0.000060827432944,33,0.000001334308850,2.193597173208801
762,32,0.000060827432944,34,0.000001207720143,1.985485962813917
763,32,0.000060827432944,35,0.000001538928583,2.529991005850905
764,32,0.000060827432944,36,0.000001064851950,1.750611358065579
765,32,0.000060827432944,37,0.000001267097067,2.083101333287106
766,32,0.000060827432944,38,0.000000998566712,1.641638754362410
767,32,0.000060827432944,39,0.000001058840725,1.740728933601404
768,32,0.000060827432944,40,0.000000751503525,1.235468092211160
769,32,0.000060827432944,41,0.000000667822856,1.097897484757925
770,32,0.000060827432944,42,0.000000590256036,0.970378015076054
771,32,0.000060827432944,43,0.000000589736106,0.969523251993366
772,32,0.000060827432944,44,0.000000457806537,0.752631691235571
773,32,0.000060827432944,45,0.000000311782400,0.512568728459618
774,32,0.000060827432944,46,0.000000168790303,0.277490426500923
775,32,0.000060827432944,47,0.000000168790303,0.277490426428257
776,32,0.000060827432944,48,0.000000142139203,0.233676148643366
777,32,0.000060827432944,49,0.000000053302201,0.087628555704103
778,32,0.000060827432944,51,0.000000044418501,0.073023796447611
779,32,0.000060827432944,52,0.000000008883700,0.014604759282916
780,32,0.000060827432944,54,0.000000017767400,0.029209518593358
781,33,0.000005530613047,1,0.000000001772966,0.032057307673573
782,33,0.000005530613047,3,0.000000007110815,0.128571906328247
783,33,0.000005530613047,4,0.000000004979213,0.090030034188376
784,33,0.000005530613047,5,0.000000000546981,0.009890064627096
785,33,0.000005530613047,6,0.000000026392928,0.477215239694267
786,33,0.000005530613047,7,0.000000008883700,0.160627765672854
787,33,0.000005530613047,8,0.000000032991727,0.596529302987989
788,33,0.000005530613047,9,0.000000073556183,1.329982444147630
789,33,0.000005530613047,10,0.000000092605037,1.674408181443792
790,33,0.000005530613047,11,0.000000172880918,3.125890685592626
791,33,0.000005530613047,12,0.000000192200427,3.475210170640807
792,33,0.000005530613047,13,0.000000130283028,2.355670646753682
793,33,0.000005530613047,14,0.000000235512248,4.258338929042725
794,33,0.000005530613047,15,0.000000155907463,2.818990614368366
795,33,0.000005530613047,16,0.000000146201246,2.643490789181389
796,33,0.000005530613047,17,0.000000128643552,2.326026978738198
797,33,0.000005530613047,18,0.000000213104504,3.853180516698281
798,33,0.000005530613047,19,0.000000087580587,1.583560194214779
799,33,0.000005530613047,20,0.000000115883413,2.095308636077554
800,33,0.000005530613047,21,0.000000115029806,2.079874416530268
801,33,0.000005530613047,22,0.000000133471979,2.413330630684711
802,33,0.000005530613047,23,0.000000146937869,2.656809789710687
803,33,0.000005530613047,24,0.000000092088014,1.665059795247287
804,33,0.000005530613047,25,0.000000133255502,2.409416485153349
805,33,0.000005530613047,26,0.000000103628957,1.873733632947938
806,33,0.000005530613047,27,0.000000167809663,3.034196412849442
807,33,0.000005530613047,28,0.000000123142093,2.226554120057618
808,33,0.000005530613047,29,0.000000165194158,2.986904998736964
809,33,0.000005530613047,30,0.000000396406684,7.167499882960250
810,33,0.000005530613047,31,0.000000067698387,1.224066589708407
811,33,0.000005530613047,32,0.000000123855897,2.239460546450060
812,33,0.000005530613047,33,0.000000139891529,2.529403665585338
813,33,0.000005530613047,34,0.000000237440606,4.293205908794604
814,33,0.000005530613047,35,0.000000130598107,2.361367640192839
815,33,0.000005530613047,36,0.000000136308660,2.464621164410383
816,33,0.000005530613047,37,0.000000181819720,3.287514752878958
817,33,0.000005530613047,38,0.000000094553124,1.709631880339697
818,33,0.000005530613047,39,0.000000144851789,2.619091015131538
819,33,0.000005530613047,40,0.000000112193507,2.028590799368544
820,33,0.000005530613047,41,0.000000186682778,3.375444566251957
821,33,0.000005530613047,42,0.000000124991365,2.259991134924709
822,33,0.000005530613047,43,0.000000071878173,1.299642047474415
823,33,0.000005530613047,44,0.000000103233279,1.866579310588296
824,33,0.000005530613047,45,0.000000075173219,1.359220372605792
825,33,0.000005530613047,46,0.000000168790303,3.051927547106104
826,33,0.000005530613047,47,0.000000026651100,0.481883296606849
827,37,0.000000305899959,0,0.000000149171835,48.764908557546335
828,37,0.000000305899959,1,0.000000057944224,18.942213871109729
829,37,0.000000305899959,2,0.000000032820474,10.729152871855449
830,37,0.000000305899959,3,0.000000065963425,21.563724703776678
831,38,0.000000630201289,0,0.000000155207588,24.628256283330870
832,38,0.000000630201289,1,0.000000124112499,19.694104343060808
833,38,0.000000630201289,2,0.000000132906905,21.089595920654091
834,38,0.000000630201289,3,0.000000217974296,34.588043450496379
835,39,0.000002495775852,0,0.000000116018749,4.648604526641202
836,39,0.000002495775852,1,0.000000138109834,5.533743492223127
837,39,0.000002495775852,2,0.000000083986962,3.365164473631069
838,39,0.000002495775852,3,0.000000458307535,18.363329166307928
839,39,0.000002495775852,4,0.000000088837002,3.559494396835584
840,39,0.000002495775852,5,0.000000056966530,2.282517880490896
841,39,0.000002495775852,6,0.000000017767400,0.711898878991444
842,39,0.000002495775852,7,0.000000016300890,0.653139164284583
843,39,0.000002495775852,8,0.000000062701757,2.512315217550595
844,39,0.000002495775852,9,0.000000056858940,2.278207011078770
845,39,0.000002495775852,10,0.000000044198371,1.770927085010693
846,39,0.000002495775852,11,0.000000079953301,3.203544956186011
847,39,0.000002495775852,12,0.000000178438178,7.149607536054790
848,39,0.000002495775852,13,0.000000088837002,3.559494396862418
849,39,0.000002495775852,14,0.000000124619673,4.993223767971950
850,39,0.000002495775852,15,0.000000118824928,4.761041667893609
851,39,0.000002495775852,16,0.000000070179030,2.811912391752092
852,39,0.000002495775852,17,0.000000028954598,1.160144152878068
853,39,0.000002495775852,18,0.000000023001646,0.921623061977067
854,39,0.000002495775852,19,0.000000035619159,1.427177786508244
855,39,0.000002495775852,20,0.000000008883700,0.355949440005564
856,39,0.000002495775852,21,0.000000051074741,2.046447438516256
857,39,0.000002495775852,22,0.000000070242746,2.814465343455472
858,39,0.000002495775852,23,0.000000067253519,2.694693880454384
859,39,0.000002495775852,24,0.000000008883700,0.355949439227384
860,39,0.000002495775852,25,0.000000008883700,0.355949439227384
861,39,0.000002495775852,26,0.000000013321152,0.533747949901399
862,39,0.000002495775852,27,0.000000005087295,0.203836215117929
863,39,0.000002495775852,28,0.000000022515480,0.902143521017414
864,39,0.000002495775852,29,0.000000014274708,0.571954712672621
865,39,0.000002495775852,30,0.000000042176934,1.689932779576382
866,39,0.000002495775852,31,0.000000067980732,2.723831647140928
867,39,0.000002495775852,32,0.000000039526046,1.583717773112259
868,39,0.000002495775852,33,0.000000024321386,0.974502009865283
869,39,0.000002495775852,34,0.000000008883700,0.355949440220234
870,39,0.000002495775852,35,0.000000018834064,0.754637657916370
871,39,0.000002495775852,36,0.000000008883700,0.355949439656725
872,39,0.000002495775852,37,0.000000044277070,1.774080384504411
873,39,0.000002495775852,38,0.000000005998432,0.240343389007240
874,39,0.000002495775852,39,0.000000008416145,0.337215593578691
875,39,0.000002495775852,40,0.000000035077709,1.405483131121265
876,39,0.000002495775852,41,0.000000016096982,0.644969061187223
877,39,0.000002495775852,42,0.000000008883700,0.355949440327569
878,39,0.000002495775852,44,0.000000007516994,0.301188678822758
879,40,0.000003964751872,1,0.000000002838112,0.071583587454799
880,40,0.000003964751872,3,0.000000005897157,0.148739622523345
881,40,0.000003964751872,4,0.000000007203352,0.181684817200890
882,40,0.000003964751872,8,0.000000008323584,0.209939598583948
883,40,0.000003964751872,9,0.000000009656008,0.243546329452694
884,40,0.000003964751872,10,0.000000024961329,0.629581126022706
885,40,0.000003964751872,11,0.000000009529323,0.240351053523211
886,40,0.000003964751872,12,0.000000017137226,0.432239555300628
887,40,0.000003964751872,13,0.000000028637443,0.722301008159502
888,40,0.000003964751872,14,0.000000087309384,2.202139918060937
889,40,0.000003964751872,15,0.000000083076956,2.095388539356328
890,40,0.000003964751872,16,0.000000158282461,3.992241278641112
891,40,0.000003964751872,17,0.000000123267776,3.109091805426067
892,40,0.000003964751872,18,0.000000165384728,4.171376490659203
893,40,0.000003964751872,19,0.000000108503929,2.736714242320764
894,40,0.000003964751872,20,0.000000068861664,1.736846753586385
895,40,0.000003964751872,21,0.000000079953301,2.016602905695823
896,40,0.000003964751872,22,0.000000062185901,1.568468926008548
897,40,0.000003964751872,23,0.000000123872330,3.124340041143254
898,40,0.000003964751872,24,0.000000083508874,2.106282476109048
899,40,0.000003964751872,25,0.000000051972159,1.310855263661328
900,40,0.000003964751872,26,0.000000045154569,1.138900257623535
901,40,0.000003964751872,27,0.000000067490199,1.702255297841976
902,40,0.000003964751872,28,0.000000053302201,1.344401937288203
903,40,0.000003964751872,29,0.000000139073509,3.507748125742979
904,40,0.000003964751872,30,0.000000170874938,4.309851999871425
905,40,0.000003964751872,31,0.000000168347023,4.246092280726743
906,40,0.000003964751872,32,0.000000297577029,7.505564998711807
907,40,0.000003964751872,33,0.000000248101388,6.257677563757483
908,40,0.000003964751872,34,0.000000146387642,3.692227061781206
909,40,0.000003964751872,35,0.000000168790303,4.257272801615342
910,40,0.000003964751872,36,0.000000166505815,4.199652841160912
911,40,0.000003964751872,37,0.000000122126624,3.080309383397225
912,40,0.000003964751872,38,0.000000134730809,3.398215403168356
913,40,0.000003964751872,39,0.000000199959262,5.043424365011657
914,40,0.000003964751872,40,0.000000198745521,5.012811064262661
915,40,0.000003964751872,41,0.000000181324505,4.573413700384290
916,40,0.000003964751872,42,0.000000088837002,2.240669895666146
917,40,0.000003964751872,43,0.000000035534801,0.896267958158352
918,40,0.000003964751872,44,0.000000021525844,0.542930423628481
919,41,0.000005143504374,0,0.000000246567619,4.793767068547178
920,41,0.000005143504374,1,0.000000234301791,4.555294876543281
921,41,0.000005143504374,2,0.000000255687555,4.971076847318655
922,41,0.000005143504374,3,0.000000816997890,15.884071059691292
923,41,0.000005143504374,4,0.000000192382792,3.740305794273566
924,41,0.000005143504374,5,0.000000117051502,2.275715029990913
925,41,0.000005143504374,6,0.000000053358596,1.037397697999079
926,41,0.000005143504374,7,0.000000035536332,0.690897279518080
927,41,0.000005143504374,8,0.000000060830974,1.182675650076223
928,41,0.000005143504374,9,0.000000039346872,0.764981799141539
929,41,0.000005143504374,10,0.000000074085784,1.440375635531663
930,41,0.000005143504374,11,0.000000107985573,2.099455252366848
931,41,0.000005143504374,12,0.000000071252355,1.385288117320432
932,41,0.000005143504374,13,0.000000122385460,2.379417827781122
933,41,0.000005143504374,14,0.000000128391787,2.496192827757758
934,41,0.000005143504374,15,0.000000048522068,0.943365932673422
935,41,0.000005143504374,16,0.000000055013843,1.069579000979654
936,41,0.000005143504374,17,0.000000084117277,1.635407892915033
937,41,0.000005143504374,18,0.000000067832415,1.318797648091999
938,41,0.000005143504374,19,0.000000078221751,1.520787093790881
939,41,0.000005143504374,20,0.000000026651100,0.518150633371712
940,41,0.000005143504374,21,0.000000055344600,1.076009592483165
941,41,0.000005143504374,22,0.000000053386532,1.037940824140561
942,41,0.000005143504374,23,0.000000057617755,1.120204261432547
943,41,0.000005143504374,24,0.000000046320563,0.900564281139719
944,41,0.000005143504374,25,0.000000088778033,1.726022316895201
945,41,0.000005143504374,26,0.000000075572967,1.469289445744244
946,41,0.000005143504374,27,0.000000021192486,0.412024258168768
947,41,0.000005143504374,28,0.000000093543649,1.818675410967773
948,41,0.000005143504374,29,0.000000083854212,1.630293385382858
949,41,0.000005143504374,30,0.000000183414238,3.565939180851040
950,41,0.000005143504374,31,0.000000089437799,1.738849482126933
951,41,0.000005143504374,32,0.000000155180038,3.017009939824577
952,41,0.000005143504374,33,0.000000045416301,0.882983618061565
953,41,0.000005143504374,34,0.000000111546601,2.168688758552554
954,41,0.000005143504374,35,0.000000029232105,0.568330517917040
955,41,0.000005143504374,36,0.000000090650865,1.762433895531957
956,41,0.000005143504374,37,0.000000084331931,1.639581203835393
957,41,0.000005143504374,38,0.000000096245395,1.871202751647856
958,41,0.000005143504374,39,0.000000167003757,3.246886646611662
959,41,0.000005143504374,40,0.000000171097466,3.326476532489411
960,41,0.000005143504374,41,0.000000111896464,2.175490790145164
961,41,0.000005143504374,42,0.000000080071029,1.556740765390693
962,41,0.000005143504374,43,0.000000026651100,0.518150633046199
963,41,0.000005143504374,44,0.000000058427457,1.135946487544629
964,41,0.000005143504374,45,0.000000008883700,0.172716877491099
965,41,0.000005143504374,46,0.000000034593549,0.672567706839558
966,42,0.000035541340697,0,0.000018748101589,52.750124843653424
967,42,0.000035541340697,1,0.000000146254038,0.411503999087269
968,42,0.000035541340697,2,0.000000175270445,0.493145283748452
969,42,0.000035541340697,3,0.000000933281336,2.625903574157136
970,42,0.000035541340697,4,0.000000215559697,0.606504122833322
971,42,0.000035541340697,5,0.000001320021700,3.714045880713004
972,42,0.000035541340697,6,0.000000468717520,1.318795269139531
973,42,0.000035541340697,7,0.000000249663305,0.702458883360030
974,42,0.000035541340697,8,0.000000503314388,1.416137876926586
975,42,0.000035541340697,9,0.000000391957275,1.102820735789552
976,42,0.000035541340697,10,0.000000291115258,0.819089129472586
977,42,0.000035541340697,11,0.000000351759030,0.989717953931932
978,42,0.000035541340697,12,0.000000179810492,0.505919270484085
979,42,0.000035541340697,13,0.000000264744487,0.744891672462976
980,42,0.000035541340697,14,0.000000324448440,0.912876198754839
981,42,0.000035541340697,15,0.000000210366310,0.591891880060530
982,42,0.000035541340697,16,0.000000328146556,0.923281309331059
983,42,0.000035541340697,17,0.000000241744522,0.680178398591592
984,42,0.000035541340697,18,0.000000417407637,1.174428507033467
985,42,0.000035541340697,19,0.000000312450849,0.879119477150497
986,42,0.000035541340697,20,0.000000364299147,1.025001139820942
987,42,0.000035541340697,21,0.000000361581056,1.017353451660759
988,42,0.000035541340697,22,0.000000345532977,0.972200177741943
989,42,0.000035541340697,23,0.000000350763044,0.986915622109494
990,42,0.000035541340697,24,0.000000305596243,0.859833189806655
991,42,0.000035541340697,25,0.000000306965128,0.863684717909372
992,42,0.000035541340697,26,0.000000444342603,1.250213396409612
993,42,0.000035541340697,27,0.000000398782866,1.122025388991798
994,42,0.000035541340697,28,0.000000421710960,1.186536444348575
995,42,0.000035541340697,29,0.000000457098328,1.286103221054200
996,42,0.000035541340697,30,0.000000932771644,2.624469491965350
997,42,0.000035541340697,31,0.000000405893397,1.142031755801696
998,42,0.000035541340697,32,0.000000493692612,1.389065810993832
999,42,0.000035541340697,33,0.000000290406148,0.817093959992010
1000,42,0.000035541340697,34,0.000000262262526,0.737908365043051
1001,42,0.000035541340697,35,0.000000289514437,0.814585018513063
1002,42,0.000035541340697,36,0.000000209618050,0.589786558331885
1003,42,0.000035541340697,37,0.000000293162105,0.824848189861019
1004,42,0.000035541340697,38,0.000000222092504,0.624884992193333
1005,42,0.000035541340697,39,0.000000250294529,0.704234912258338
1006,42,0.000035541340697,40,0.000000341668620,0.961327325229532
1007,42,0.000035541340697,41,0.000000328638042,0.924664167650846
1008,42,0.000035541340697,42,0.000000239742177,0.674544549696049
1009,42,0.000035541340697,43,0.000000159906603,0.449917194614739
1010,42,0.000035541340697,44,0.000000177674003,0.499907993948751
1011,42,0.000035541340697,45,0.000000088837002,0.249953996941400
1012,42,0.000035541340697,46,0.000000160847854,0.452565522151455
1013,42,0.000035541340697,47,0.000000112165134,0.315590609150251
1014,42,0.000035541340697,48,0.000000050717643,0.142700422591504
1015,42,0.000035541340697,49,0.000000008883700,0.024995399682080
1016,42,0.000035541340697,50,0.000000026651100,0.074986199033051
1017,42,0.000035541340697,52,0.000000008883700,0.024995399651931
1018,44,0.000001200309858,0,0.000000041371697,3.446751446198256
1019,44,0.000001200309858,1,0.000000022536265,1.877537259597342
1020,44,0.000001200309858,2,0.000000016395788,1.365962992148317
1021,44,0.000001200309858,3,0.000000011542118,0.961594884706931
1022,44,0.000001200309858,4,0.000000035534801,2.960468951573722
1023,44,0.000001200309858,5,0.000000004905505,0.408686535411023
1024,44,0.000001200309858,6,0.000000017767400,1.480234475012708
1025,44,0.000001200309858,7,0.000000017767400,1.480234476909731
1026,44,0.000001200309858,9,0.000000013404291,1.116735925642020
1027,44,0.000001200309858,10,0.000000008883700,0.740117237506354
1028,44,0.000001200309858,11,0.000000026618245,2.217614465973098
1029,44,0.000001200309858,12,0.000000020502805,1.708126044651291
1030,44,0.000001200309858,13,0.000000017993008,1.499030284756200
1031,44,0.000001200309858,14,0.000000061943545,5.160629532680814
1032,44,0.000001200309858,16,0.000000050902304,4.240763669995300
1033,44,0.000001200309858,17,0.000000011668654,0.972136824785002
1034,44,0.000001200309858,18,0.000000018076502,1.505986306029843
1035,44,0.000001200309858,19,0.000000008883700,0.740117238901224
1036,44,0.000001200309858,20,0.000000017699960,1.474615877512521
1037,44,0.000001200309858,21,0.000000025499160,2.124381474613009
1038,44,0.000001200309858,22,0.000000012901196,1.074822140960894
1039,44,0.000001200309858,23,0.000000055984810,4.664196483940676
1040,44,0.000001200309858,24,0.000000060834749,5.068253729162988
1041,44,0.000001200309858,25,0.000000032004489,2.666352231093316
1042,44,0.000001200309858,26,0.000000023342645,1.944718281584012
1043,44,0.000001200309858,27,0.000000086537421,7.209590108406505
1044,44,0.000001200309858,28,0.000000143656376,11.968274302651476
1045,44,0.000001200309858,29,0.000000065306268,5.440784109913472
1046,44,0.000001200309858,30,0.000000062185901,5.180820663771963
1047,44,0.000001200309858,31,0.000000039443378,3.286099666410411
1048,44,0.000001200309858,32,0.000000035534801,2.960468950304390
1049,44,0.000001200309858,33,0.000000044196163,3.682062790949768
1050,44,0.000001200309858,34,0.000000021239590,1.769508880378714
1051,44,0.000001200309858,35,0.000000056963577,4.745739371995406
1052,44,0.000001200309858,36,0.000000001192070,0.099313509411093
1053,44,0.000001200309858,37,0.000000008447143,0.703746894132921
1054,44,0.000001200309858,40,0.000000000642430,0.053521982201475
1055,45,0.000000285747071,0,0.000000031645712,11.074728236917524
1056,45,0.000000285747071,2,0.000000008883700,3.108938323251552
1057,45,0.000000285747071,6,0.000000017767400,6.217876634784514
1058,45,0.000000285747071,8,0.000000008883700,3.108938323251552
1059,45,0.000000285747071,11,0.000000008883700,3.108938317392257
1060,45,0.000000285747071,18,0.000000008883700,3.108938323251552
1061,45,0.000000285747071,33,0.000000008883700,3.108938317392257
1062,50,0.000009206632981,0,0.000008269681726,89.823084545428031
1063,50,0.000009206632981,1,0.000000103409721,1.123208901374815
1064,50,0.000009206632981,2,0.000000071069601,0.771939116967421
1065,50,0.000009206632981,3,0.000000039045662,0.424103605526320
1066,55,0.000004423361331,0,0.000003018737288,68.245324371708975
1067,55,0.000004423361331,1,0.000000071069601,1.606687673917444
1068,55,0.000004423361331,2,0.000000021851549,0.494003263569698
1069,55,0.000004423361331,3,0.000000071069601,1.606687675809983
1070,55,0.000004423361331,4,0.000000044418501,1.004179796535275
1071,55,0.000004423361331,5,0.000000106604402,2.410031510512800
1072,55,0.000004423361331,6,0.000000084775861,1.916548411353499
1073,55,0.000004423361331,7,0.000000035534801,0.803343838669577
1074,55,0.000004423361331,8,0.000000158060695,3.573316386507070
1075,55,0.000004423361331,9,0.000000074046254,1.673981571709805
1076,55,0.000004423361331,10,0.000000043311004,0.979142348295708
1077,55,0.000004423361331,11,0.000000035534801,0.803343837488633
1078,55,0.000004423361331,12,0.000000017767400,0.401671918380949
1079,55,0.000004423361331,13,0.000000035534801,0.803343837049564
1080,55,0.000004423361331,14,0.000000008883700,0.200835959621973
1081,55,0.000004423361331,15,0.000000017398255,0.393326553498725
1082,55,0.000004423361331,16,0.000000008883700,0.200835959379728
1083,55,0.000004423361331,17,0.000000026651101,0.602507878426851
1084,55,0.000004423361331,18,0.000000017767400,0.401671919243947
1085,55,0.000004423361331,19,0.000000008883700,0.200835959001221
1086,55,0.000004423361331,20,0.000000026651100,0.602507877488152
1087,55,0.000004423361331,21,0.000000008883700,0.200835959803657
1088,55,0.000004423361331,22,0.000000014681233,0.331902196798729
1089,55,0.000004423361331,23,0.000000017767400,0.401671918804878
1090,55,0.000004423361331,24,0.000000044418501,1.004179796050785
1091,55,0.000004423361331,25,0.000000044418501,1.004179796610976
1092,55,0.000004423361331,26,0.000000053302201,1.205015755869582
1093,55,0.000004423361331,27,0.000000080322567,1.815871701217864
1094,55,0.000004423361331,28,0.000000008883700,0.200835959621973
1095,55,0.000004423361331,29,0.000000017767400,0.401671918623194
1096,55,0.000004423361331,30,0.000000017767400,0.401671918865439
1097,55,0.000004423361331,31,0.000000035534801,0.803343836731618
1098,55,0.000004423361331,32,0.000000009991436,0.225878812126553
1099,55,0.000004423361331,33,0.000000017767400,0.401671919047123
1100,55,0.000004423361331,34,0.000000008883700,0.200835959621973
1101,55,0.000004423361331,35,0.000000008883700,0.200835959243466
1102,55,0.000004423361331,36,0.000000004061379,0.091816586507290
1103,55,0.000004423361331,38,0.000000008883700,0.200835959001221
1104,55,0.000004423361331,39,0.000000008883700,0.200835959425149
1105,55,0.000004423361331,40,0.000000010729847,0.242572245253605
1106,55,0.000004423361331,41,0.000000017767400,0.401671918623194
1107,55,0.000004423361331,43,0.000000008883700,0.200835959001221
1108,55,0.000004423361331,45,0.000000008883700,0.200835959379728
1109,55,0.000004423361331,46,0.000000008883700,0.200835959001221
1110,55,0.000004423361331,47,0.000000021090369,0.476795072015673
1111,55,0.000004423361331,48,0.000000002584558,0.058429719611954
1112,62,0.000003093359435,0,0.000001270202768,41.062242987462376
1113,62,0.000003093359435,1,0.000000088382528,2.857169689488714
1114,62,0.000003093359435,2,0.000000018796724,0.607647580102764
1115,62,0.000003093359435,4,0.000000062185901,2.010303117083766
1116,62,0.000003093359435,5,0.000000042977200,1.389337421563049
1117,62,0.000003093359435,6,0.000000048736973,1.575535402674309
1118,62,0.000003093359435,7,0.000000073140911,2.364449146374888
1119,62,0.000003093359435,8,0.000000138948294,4.491825058675836
1120,62,0.000003093359435,9,0.000000075321422,2.434939215797199
1121,62,0.000003093359435,10,0.000000029839099,0.964617896042824
1122,62,0.000003093359435,11,0.000000097720702,3.159047753920408
1123,62,0.000003093359435,12,0.000000027068135,0.875040095102102
1124,62,0.000003093359435,13,0.000000035534801,1.148744638157288
1125,62,0.000003093359435,14,0.000000056220473,1.817456864459131
1126,62,0.000003093359435,15,0.000000049087784,1.586876185105784
1127,62,0.000003093359435,16,0.000000026651101,0.861558479013078
1128,62,0.000003093359435,17,0.000000017767400,0.574372318851320
1129,62,0.000003093359435,18,0.000000046849382,1.514514671136696
1130,62,0.000003093359435,19,0.000000054462165,1.760615478971982
1131,62,0.000003093359435,20,0.000000044418501,1.435930797864398
1132,62,0.000003093359435,21,0.000000008883700,0.287186159425660
1133,62,0.000003093359435,22,0.000000008883700,0.287186159425660
1134,62,0.000003093359435,23,0.000000008883700,0.287186159620509
1135,62,0.000003093359435,24,0.000000035534801,1.148744638698537
1136,62,0.000003093359435,25,0.000000053174257,1.718980875366686
1137,62,0.000003093359435,26,0.000000008883700,0.287186159966908
1138,62,0.000003093359435,27,0.000000008883700,0.287186159079261
1139,62,0.000003093359435,28,0.000000031208557,1.008888816745588
1140,62,0.000003093359435,29,0.000000017767400,0.574372318504921
1141,62,0.000003093359435,30,0.000000026687859,0.862746767807917
1142,62,0.000003093359435,31,0.000000017767400,0.574372319305968
1143,62,0.000003093359435,32,0.000000017767400,0.574372319392568
1144,62,0.000003093359435,33,0.000000026991637,0.872567106108155
1145,62,0.000003093359435,34,0.000000006342255,0.205028066600815
1146,62,0.000003093359435,35,0.000000026651100,0.861558478666678
1147,62,0.000003093359435,36,0.000000044418501,1.435930798037597
1148,62,0.000003093359435,37,0.000000017767400,0.574372318764720
1149,62,0.000003093359435,38,0.000000008883700,0.287186159425660
1150,62,0.000003093359435,39,0.000000007352853,0.237697994581829
1151,62,0.000003093359435,40,0.000000023624315,0.763710641920281
1152,62,0.000003093359435,41,0.000000057937821,1.872974112118341
1153,62,0.000003093359435,42,0.000000008883700,0.287186159620509
1154,62,0.000003093359435,43,0.000000045066408,1.456875889953617
1155,62,0.000003093359435,44,0.000000026651101,0.861558479013077
1156,62,0.000003093359435,45,0.000000052919489,1.710744915572561
1157,62,0.000003093359435,46,0.000000026652931,0.861617660773163
1158,62,0.000003093359435,47,0.000000035498049,1.147556550626018
1159,62,0.000003093359435,48,0.000000044418501,1.435930797972647
1160,62,0.000003093359435,49,0.000000022475332,0.726567100186499
1161,62,0.000003093359435,50,0.000000035534801,1.148744639239785
1162,62,0.000003093359435,51,0.000000026651101,0.861558479013077
1163,97,0.000013467372146,0,0.000006134966359,45.554294425190903
1164,97,0.000013467372146,1,0.000000097720702,0.725610762886745
1165,97,0.000013467372146,2,0.000000106029581,0.787307129873452
1166,97,0.000013467372146,3,0.000000230066709,1.708326661275025
1167,97,0.000013467372146,4,0.000000030674483,0.227768884853450
1168,97,0.000013467372146,5,0.000000107674442,0.799520800291013
1169,97,0.000013467372146,6,0.000000165426366,1.228349262014195
1170,97,0.000013467372146,7,0.000000102758890,0.763021092552867
1171,97,0.000013467372146,8,0.000000366952341,2.724750877379268
1172,97,0.000013467372146,9,0.000000268348242,1.992580580882612
1173,97,0.000013467372146,10,0.000000229529900,1.704340665678589
1174,97,0.000013467372146,11,0.000000449241412,3.335776326400889
1175,97,0.000013467372146,12,0.000000220212207,1.635153499521892
1176,97,0.000013467372146,13,0.000000209420998,1.555024955337981
1177,97,0.000013467372146,14,0.000000184303573,1.368519192812999
1178,97,0.000013467372146,15,0.000000137041967,1.017585061557082
1179,97,0.000013467372146,16,0.000000134342721,0.997542203875686
1180,97,0.000013467372146,17,0.000000097749443,0.725824180030631
1181,97,0.000013467372146,18,0.000000091036898,0.675981156215940
1182,97,0.000013467372146,19,0.000000120497505,0.894736582516553
1183,97,0.000013467372146,20,0.000000079953301,0.593681533556686
1184,97,0.000013467372146,21,0.000000182946211,1.358440302603939
1185,97,0.000013467372146,22,0.000000124371802,0.923504607841593
1186,97,0.000013467372146,23,0.000000128933361,0.957375790981929
1187,97,0.000013467372146,24,0.000000142139203,1.055433837161706
1188,97,0.000013467372146,25,0.000000097848646,0.726560791497235
1189,97,0.000013467372146,26,0.000000144153378,1.070389799306081
1190,97,0.000013467372146,27,0.000000054321487,0.403356244651352
1191,97,0.000013467372146,28,0.000000142139203,1.055433837072195
1192,97,0.000013467372146,29,0.000000107502899,0.798247035848565
1193,97,0.000013467372146,30,0.000000125374472,0.930949786941510
1194,97,0.000013467372146,31,0.000000115488102,0.857539993067160
1195,97,0.000013467372146,32,0.000000142648845,1.059218115128718
1196,97,0.000013467372146,33,0.000000144895160,1.075897793777576
1197,97,0.000013467372146,34,0.000000135868268,1.008869932364281
1198,97,0.000013467372146,35,0.000000213208804,1.583150756132927
1199,97,0.000013467372146,36,0.000000159906603,1.187363066755327
1200,97,0.000013467372146,37,0.000000266511005,1.978938445281778
1201,97,0.000013467372146,38,0.000000115488102,0.857539992838410
1202,97,0.000013467372146,39,0.000000176123078,1.307776130626734
1203,97,0.000013467372146,40,0.000000260094442,1.931293195707583
1204,97,0.000013467372146,41,0.000000181922083,1.350835790187905
1205,97,0.000013467372146,42,0.000000133255502,0.989469222481758
1206,97,0.000013467372146,43,0.000000107401760,0.797496046734111
1207,97,0.000013467372146,44,0.000000044418501,0.329823074349554
1208,97,0.000013467372146,45,0.000000053302201,0.395787688736105
1209,97,0.000013467372146,46,0.000000079951471,0.593667939530200
1210,97,0.000013467372146,47,0.000000044455253,0.330095969183337
1211,97,0.000013467372146,48,0.000000044418501,0.329823074329663
1212,97,0.000013467372146,49,0.000000004175769,0.031006557798818
1213,97,0.000013467372146,50,0.000000017767400,0.131929229683131
1214,122,0.000003261333347,0,0.000000064352062,1.973182610492601
1215,122,0.000003261333347,2,0.000000008883700,0.272394730367819
1216,122,0.000003261333347,3,0.000000032902560,1.008868346937694
1217,122,0.000003261333347,4,0.000000004860317,0.149028534055687
1218,122,0.000003261333347,5,0.000000035120030,1.076861108564855
1219,122,0.000003261333347,6,0.000000181247125,5.557454763666192
1220,122,0.000003261333347,7,0.000000063134442,1.935847559692781
1221,122,0.000003261333347,8,0.000000472829393,14.498039395677779
1222,122,0.000003261333347,9,0.000000250838088,7.691274138596156
1223,122,0.000003261333347,10,0.000000197410994,6.053076239094094
1224,122,0.000003261333347,11,0.000000317938104,9.748715333860135
1225,122,0.000003261333347,12,0.000000345655010,10.598579568331692
1226,122,0.000003261333347,13,0.000000320621720,9.831001186179259
1227,122,0.000003261333347,14,0.000000299708660,9.189758552375254
1228,122,0.000003261333347,15,0.000000094705223,2.903880512172821
1229,122,0.000003261333347,16,0.000000163873749,5.024746980120883
1230,122,0.000003261333347,17,0.000000053302201,1.634368379578453
1231,122,0.000003261333347,18,0.000000037364529,1.145682606120593
1232,122,0.000003261333347,19,0.000000030538099,0.936368514850086
1233,122,0.000003261333347,20,0.000000012322094,0.377823821644527
1234,122,0.000003261333347,21,0.000000049877714,1.529365720526455
1235,122,0.000003261333347,22,0.000000015427996,0.473057937042656
1236,122,0.000003261333347,23,0.000000033909213,1.039734668728863
1237,122,0.000003261333347,24,0.000000022793754,0.698909048602180
1238,122,0.000003261333347,25,0.000000025409986,0.779128769176778
1239,122,0.000003261333347,26,0.000000030134165,0.923982989648487
1240,122,0.000003261333347,27,0.000000023343505,0.715765682526369
1241,122,0.000003261333347,28,0.000000026862881,0.823677874902190
1242,122,0.000003261333347,29,0.000000018799128,0.576424594204906
1243,122,0.000003261333347,30,0.000000017767400,0.544789459565151
1244,122,0.000003261333347,32,0.000000008883700,0.272394729854448
1245,122,0.000003261333347,33,0.000000000515864,0.015817567076738
1246,127,0.000007236032356,0,0.000004245485984,58.671462133220551
1247,127,0.000007236032356,1,0.000000210468529,2.908617850435443
1248,127,0.000007236032356,2,0.000000186103201,2.571895642972936
1249,127,0.000007236032356,3,0.000000223161213,3.084027290422378
1250,127,0.000007236032356,4,0.000000008883700,0.122770321351799
1251,127,0.000007236032356,5,0.000000017767400,0.245540642203817
1252,127,0.000007236032356,6,0.000000022730977,0.314135922904754
1253,127,0.000007236032356,7,0.000000010328966,0.142743497350781
1254,127,0.000007236032356,8,0.000000022566152,0.311858090254442
1255,127,0.000007236032356,9,0.000000034344490,0.474631518688621
1256,127,0.000007236032356,10,0.000000026268389,0.363021991721709
1257,127,0.000007236032356,11,0.000000023279969,0.321722846364636
1258,127,0.000007236032356,12,0.000000014434690,0.199483489000137
1259,127,0.000007236032356,13,0.000000047949170,0.662644491614604
1260,127,0.000007236032356,14,0.000000031230680,0.431599508555843
1261,127,0.000007236032356,16,0.000000026651100,0.368310963592637
1262,127,0.000007236032356,18,0.000000008883700,0.122770321314778
1263,127,0.000007236032356,19,0.000000009654536,0.133423058753842
1264,127,0.000007236032356,20,0.000000026651100,0.368310963176152
1265,127,0.000007236032356,21,0.000000003053221,0.042194684254807
1266,127,0.000007236032356,22,0.000000011223104,0.155100249602968
1267,127,0.000007236032356,23,0.000000010509287,0.145235493891560
1268,127,0.000007236032356,24,0.000000026651100,0.368310963592637
1269,127,0.000007236032356,26,0.000000009795470,0.135370738039942
1270,127,0.000007236032356,27,0.000000017767400,0.245540642472218
1271,127,0.000007236032356,28,0.000000022093644,0.305328148047942
1272,127,0.000007236032356,29,0.000000025619373,0.354052774530714
1273,127,0.000007236032356,30,0.000000008883700,0.122770320972335
1274,127,0.000007236032356,31,0.000000008883700,0.122770321083398
1275,127,0.000007236032356,33,0.000000025794700,0.356475748178170
1276,127,0.000007236032356,34,0.000000017767400,0.245540642435197
1277,127,0.000007236032356,35,0.000000017767400,0.245540642435197
1278,127,0.000007236032356,36,0.000000008883700,0.122770321120419
1279,127,0.000007236032356,37,0.000000026651101,0.368310963759231
1280,127,0.000007236032356,39,0.000000001530847,0.021155886835522
1281,127,0.000007236032356,40,0.000000014451982,0.199722466902321
1282,127,0.000007236032356,43,0.000000016322135,0.225567466204835
1283,127,0.000007236032356,45,0.000000000382712,0.005288971740318
1284,136,0.000019454398070,0,0.000001013032274,5.207214688708818
1285,136,0.000019454398070,1,0.000000139292299,0.715993876279321
1286,136,0.000019454398070,2,0.000000161546472,0.830385351165475
1287,136,0.000019454398070,3,0.000000473269569,2.432712477617222
1288,136,0.000019454398070,4,0.000000247986667,1.274707480010388
1289,136,0.000019454398070,5,0.000000433608080,2.228843466897673
1290,136,0.000019454398070,6,0.000000628717302,3.231748933426836
1291,136,0.000019454398070,7,0.000000268808355,1.381735656807328
1292,136,0.000019454398070,8,0.000000589508353,3.030206077994330
1293,136,0.000019454398070,9,0.000000668492645,3.436203177978714
1294,136,0.000019454398070,10,0.000000668663158,3.437079653291701
1295,136,0.000019454398070,11,0.000000899635002,4.624327099450675
1296,136,0.000019454398070,12,0.000001114682648,5.729720572384531
1297,136,0.000019454398070,13,0.000001094259502,5.624740987165191
1298,136,0.000019454398070,14,0.000001188232132,6.107781530679879
1299,136,0.000019454398070,15,0.000001017716541,5.231292879910863
1300,136,0.000019454398070,16,0.000001126772409,5.791864671526342
1301,136,0.000019454398070,17,0.000000879486316,4.520758303620537
1302,136,0.000019454398070,18,0.000000859889188,4.420024637718580
1303,136,0.000019454398070,19,0.000000865728974,4.450042456558641
1304,136,0.000019454398070,20,0.000000727232956,3.738141646844330
1305,136,0.000019454398070,21,0.000000346835572,1.782813176530074
1306,136,0.000019454398070,22,0.000000461952408,2.374539715110692
1307,136,0.000019454398070,23,0.000000381999107,1.963561687406803
1308,136,0.000019454398070,24,0.000000217066151,1.115769039761103
1309,136,0.000019454398070,25,0.000000236186097,1.214049885116991
1310,136,0.000019454398070,26,0.000000253232470,1.301672087935623
1311,136,0.000019454398070,27,0.000000145446798,0.747629393078157
1312,136,0.000019454398070,28,0.000000266299224,1.368838157797789
1313,136,0.000019454398070,29,0.000000097720702,0.502306478169350
1314,136,0.000019454398070,30,0.000000106604402,0.547970703298807
1315,136,0.000019454398070,31,0.000000129286774,0.664563220584247
1316,136,0.000019454398070,32,0.000000071069601,0.365313802453947
1317,136,0.000019454398070,33,0.000000124371802,0.639299153967373
1318,136,0.000019454398070,34,0.000000124371802,0.639299154229000
1319,136,0.000019454398070,35,0.000000071069601,0.365313802102816
1320,136,0.000019454398070,36,0.000000026651101,0.136992675956376
1321,136,0.000019454398070,37,0.000000097667484,0.502032926850876
1322,136,0.000019454398070,38,0.000000071069601,0.365313802285266
1323,136,0.000019454398070,39,0.000000026651100,0.136992675798023
1324,136,0.000019454398070,40,0.000000071069601,0.365313802299036
1325,136,0.000019454398070,41,0.000000008883700,0.045664225356659
1326,136,0.000019454398070,42,0.000000021736178,0.111728863158645
1327,136,0.000019454398070,43,0.000000017767400,0.091328450541195
1328,136,0.000019454398070,44,0.000000017767400,0.091328450472346
1329,136,0.000019454398070,45,0.000000017767400,0.091328450613487
1330,136,0.000019454398070,46,0.000000008883700,0.045664225301580
1331,139,0.000001199661100,0,0.000000627034792,52.267660571067097
1332,139,0.000001199661100,1,0.000000035534801,2.962069923507355
1333,139,0.000001199661100,2,0.000000035534801,2.962069922614155
1334,139,0.000001199661100,3,0.000000029717925,2.477193321070916
1335,139,0.000001199661100,5,0.000000008883700,0.740517481532782
1336,139,0.000001199661100,6,0.000000008883700,0.740517482035207
1337,139,0.000001199661100,9,0.000000008883700,0.740517481588607
1338,139,0.000001199661100,11,0.000000023267530,1.939508610049831
1339,139,0.000001199661100,12,0.000000017767400,1.481034960162666
1340,139,0.000001199661100,13,0.000000017767400,1.481034964461189
1341,139,0.000001199661100,15,0.000000008883700,0.740517481365307
1342,139,0.000001199661100,16,0.000000008883700,0.740517482928407
1343,139,0.000001199661100,19,0.000000003534466,0.294622040588478
1344,139,0.000001199661100,28,0.000000008883700,0.740517479969683
1345,139,0.000001199661100,35,0.000000001139898,0.095018365262920
1346,139,0.000001199661100,36,0.000000008883700,0.740517479969683
1347,232,0.000000882077525,0,0.000000848175669,96.156589918698742
1348,242,0.000001661522039,0,0.000001379479414,83.025044577175663
1349,242,0.000001661522039,1,0.000000026659893,1.604546436693001
1350,242,0.000001661522039,2,0.000000009311032,0.560391745780601
1351,242,0.000001661522039,3,0.000000033537449,2.018477517901601
1352,242,0.000001661522039,4,0.000000002437285,0.146689909783092
1353,242,0.000001661522039,6,0.000000008883700,0.534672424294502
1354,242,0.000001661522039,8,0.000000008376120,0.504123329366807
1355,242,0.000001661522039,9,0.000000008883700,0.534672423810817
1356,242,0.000001661522039,10,0.000000002301909,0.138542210613846
1357,242,0.000001661522039,11,0.000000047576476,2.863427320670670
1358,242,0.000001661522039,14,0.000000008883700,0.534672423649589
1359,242,0.000001661522039,16,0.000000003078911,0.185306637088684
1360,242,0.000001661522039,19,0.000000014176533,0.853225673273643
1361,242,0.000001661522039,25,0.000000004914921,0.295808368769697
1362,242,0.000001661522039,27,0.000000008883700,0.534672423649589
1363,242,0.000001661522039,31,0.000000003968728,0.238860999445080
1364,242,0.000001661522039,35,0.000000007743802,0.466066750976943
1365,242,0.000001661522039,37,0.000000000053218,0.003202951535994
1366,242,0.000001661522039,39,0.000000008883700,0.534672423327133
1367,242,0.000001661522039,40,0.000000008883700,0.534672424657265
1368,242,0.000001661522039,42,0.000000004914923,0.295808456282092
1369,242,0.000001661522039,45,0.000000008883700,0.534672424334809